step,train_loss,refusal_rate,alpaca_val_loss,mean_alignment
100,5.039258664466907,0.61,1.363896618894512,4.5514233144266267e-07
200,5.026224014889449,0.62,1.354043870481651,5.064565422279494e-07
300,4.825422860970721,0.53,1.352825002741802,5.444827755647046e-07
400,4.816046818103641,0.56,1.352221115483894,5.768005004418748e-07
500,4.959957446493209,0.7,1.3491233585329394,5.366081105811255e-07
